,baseMean,log2FoldChange,lfcSE,stat,pvalue,padj
ENST00000678431.1,88.66314281,22.76952226,4.785403109,4.758120005,1.95E-06,0.031221703
